{"Agege": {"Apartment": 2500000.0, "Flat": 1576470.5882352942}, "Ajah": {"Apartment": 1908791.2087912087, "Bungalow": 2283333.3333333335, "Detached Duplex": 4393636.363636363, "Flat": 1402816.9014084507, "Fully Detached Duplex": 5437500.0, "Mini Flat": 1121666.6666666667, "Room Self Contained": 753200.0, "Shared Apartment": 633333.3333333334, "Studio Apartment": 700000.0, "Terrace Duplex": 3828571.4285714286}, "Alimosho": {"Apartment": 1520000.0, "Detached Duplex": 3277777.777777778, "Flat": 1500000.0, "Mini Flat": 766666.6666666666}, "Egbe": {"Apartment": 950000.0, "Bungalow": 1250000.0, "Detached Duplex": 3000000.0, "Flat": 750000.0, "Mini Flat": 664285.7142857143, "Room Self Contained": 303333.3333333333}, "Gbagada": {"Apartment": 3106250.0, "Detached Duplex": 6538461.538461538, "Flat": 2830769.230769231, "Fully Detached Duplex": 7500000.0, "Mini Flat": 1525000.0, "Room Self Contained": 745833.3333333334}, "Igando": {"Apartment": 683333.3333333334, "Mini Flat": 430000.0, "Room Self Contained": 250000.0}, "Ikeja": {"Apartment": 7393333.333333333, "Detached Duplex": 14527777.777777778, "Flat": 3642307.6923076925, "Fully Detached Duplex": 25000000.0, "Massionette": 15000000.0, "Mini Flat": 1280000.0, "Room Self Contained": 820000.0, "Terrace Duplex": 9950000.0}, "Ikorodu": {"Apartment": 633333.3333333334, "Bungalow": 4000000.0, "Flat": 566666.6666666666, "Mini Flat": 450000.0, "Room Self Contained": 275714.28571428574}, "Ikosi": {"Apartment": 2342857.1428571427, "Detached Duplex": 7250000.0, "Flat": 2000000.0, "Mini Flat": 930000.0, "Room Self Contained": 550000.0, "Terrace Duplex": 4500000.0}, "Ikoyi": {"Apartment": 19212587.40909091, "Detached Duplex": 34155913.96774194, "Flat": 15381578.94736842, "Fully Detached Duplex": 47733333.333333336, "Massionette": 22546666.666666668, "Mini Flat": 9000000.0, "Penthouse": 35230769.23076923, "Terrace Duplex": 25388025.65131579, "Townhouse": 26000000.0}, "Ilupeju": {"Flat": 1900000.0, "Mini Flat": 600000.0, "Room Self Contained": 425000.0}, "Ipaja": {"Apartment": 1220000.0, "Detached Duplex": 2000000.0, "Flat": 932692.3076923077, "Mini Flat": 621428.5714285715, "Room Self Contained": 260000.0}, "Island": {"Apartment": 13026490.066225166, "Detached Duplex": 22125000.0, "Flat": 9378787.878787879, "Fully Detached Duplex": 37500000.0, "Massionette": 12900000.0, "Mini Flat": 3500000.0, "Penthouse": 14666666.666666666, "Room Self Contained": 1850000.0, "Terrace Duplex": 15517241.379310345}, "Isolo": {"Apartment": 1540000.0, "Detached Duplex": 3416666.6666666665, "Flat": 1183333.3333333333, "Mini Flat": 825000.0, "Room Self Contained": 187500.0, "Terrace Duplex": 6750000.0}, "Ketu": {"Apartment": 2350000.0, "Flat": 1700000.0, "Mini Flat": 833333.3333333334, "Room Self Contained": 650000.0}, "Lekki": {"Apartment": 7255021.216407355, "Bungalow": 2500000.0, "Detached Duplex": 10063894.54158215, "Flat": 4911578.947368421, "Fully Detached Duplex": 11050898.203592815, "Massionette": 7905405.405405405, "Mini Flat": 3523670.212765957, "Penthouse": 10140000.0, "Room Self Contained": 1356796.1165048543, "Shared Apartment": 1254212.4542124541, "Studio Apartment": 1978571.4285714286, "Terrace Duplex": 8116269.841269841, "Townhouse": 10366666.666666666}, "Maryland": {"Apartment": 3630769.230769231, "Detached Duplex": 7000000.0, "Flat": 3025000.0, "Mini Flat": 1475000.0, "Terrace Duplex": 8617647.05882353}, "Odofin": {"Apartment": 2166666.6666666665, "Flat": 2000000.0, "Mini Flat": 1166666.6666666667, "Room Self Contained": 683333.3333333334}, "Ogba": {"Apartment": 1650000.0, "Detached Duplex": 7000000.0, "Flat": 1275000.0, "Fully Detached Duplex": 8750000.0, "Mini Flat": 670000.0, "Room Self Contained": 500000.0}, "Ogudu": {"Apartment": 2780000.0, "Detached Duplex": 10416666.666666666, "Flat": 2190909.090909091, "Fully Detached Duplex": 13750000.0, "Mini Flat": 1255555.5555555555, "Room Self Contained": 750000.0, "Terrace Duplex": 5875000.0}, "Ojodu": {"Apartment": 2881818.1818181816, "Bungalow": 3000000.0, "Detached Duplex": 6618421.052631579, "Flat": 2364285.714285714, "Fully Detached Duplex": 7666666.666666667, "Mini Flat": 1075000.0, "Room Self Contained": 475000.0}, "Okota": {"Apartment": 1900000.0, "Detached Duplex": 4500000.0, "Flat": 1685714.2857142857, "Mini Flat": 1233333.3333333333, "Room Self Contained": 520000.0}, "Oshodi": {"Apartment": 825000.0, "Flat": 660000.0, "Mini Flat": 600000.0, "Room Self Contained": 393750.0}, "Sangotedo": {"Apartment": 1775000.0, "Detached Duplex": 3255555.5555555555, "Flat": 1450000.0, "Fully Detached Duplex": 4500000.0, "Room Self Contained": 825000.0, "Terrace Duplex": 3750000.0}, "Shomolu": {"Flat": 2500000.0, "Mini Flat": 1189473.6842105263, "Room Self Contained": 617721.5189873418}, "Surulere": {"Apartment": 3207692.3076923075, "Detached Duplex": 4200000.0, "Flat": 2708064.5161290322, "Mini Flat": 992307.6923076923, "Room Self Contained": 675000.0, "Terrace Duplex": 5928571.428571428}, "Yaba": {"Apartment": 3056250.0, "Detached Duplex": 5500000.0, "Flat": 2784615.3846153845, "Massionette": 5750000.0, "Mini Flat": 1341025.641025641, "Room Self Contained": 624193.5483870967, "Studio Apartment": 1000000.0, "Terrace Duplex": 6200000.0}}